{
	"animation_length": 0.5833,
	"position_scale": 0.00625,
	"bones": {
		"left_arm": {
			"rotation": {
				"0.0417": [11.1295, 32.29033, -25],
				"0.125": [29.19695, 70.45659, -3.22755],
				"0.25": [6.69695, 70.45659, -3.22755]
			},
			"position": {
				"0.0": [-5, 33, 61]
			}
		},
		"right_arm": {
			"rotation": {
				"0.0": [40.2235, -6.3202, -4.04618]
			},
			"position": {
				"0.0": [0, 13, -39],
				"0.0833": [19.36738, 23.49129, -41.83826],
				"0.1667": [17.16088, 34.76534, -43.97738]
			}
		},
		"item": {
			"rotation": {
				"0.0": [0, 0, 0],
				"0.0833": [1.45246, -1.7962, -2.1088],
				"0.2083": [4.00717, -20.70481, -24.14867],
				"0.4167": [-14.39157, -60.6937, -22.84983],
				"0.5833": [-65.33891, -65.40507, 36.67568]
			},
			"position": {
				"0.0": [0, 0, 0],
				"0.0833": [-8.55, -2.57, 12],
				"0.2083": [-15.6, -6.7, 10],
				"0.375": [-48.4, -35.7, 0],
				"0.5417": [-124.2, -94.1, 0]
			}
		}
	}
}
