{
	"animation_length": 0.8667,
	"position_scale": 0.00625,
	"bones": {
		"left_arm": {
			"rotation": {
				"0.0": [11.1295, 32.29033, -25],
				"0.2333": [11.1295, 32.29033, -25]
			},
			"position": {
				"0.0": [-13.02879, 25.15534, 19.78108],
				"0.1": [-13.02879, 25.15534, 19.78108],
				"0.2333": [-5, 33, 61]
			}
		},
		"right_arm": {
			"rotation": {
				"0.0": [40.2235, -6.3202, -4.04618]
			},
			"position": {
				"0.0": [0, 13, -39]
			}
		},
		"item": {
			"rotation": {
				"0.0333": [-1.97707, -42.43463, -32.97043],
				"0.1667": [-2.89232, -23.93859, -16.43013],
				"0.2667": [2.5684, -14.98554, -5.2289],
				"0.3333": [1.63, -9.18, -0.79],
				"0.4": [1.95305, -2.1344, 2.59009],
				"0.5": [0.29, 1.02, -0.25],
				"0.6": [0, 0, 0]
			},
			"position": {
				"0.0": [-11, -85.2, 0],
				"0.1333": [-25.32522, -21.75289, 29.75939],
				"0.2667": [-18.17029, -2.37028, 29.16267],
				"0.3333": [-7.58813, 0.06402, 5.26982],
				"0.4": [-2.1836, -1.98368, 1.50086],
				"0.5": [1, 0, 2],
				"0.6": [0.5, 0, 0],
				"0.7": [0, 0, 0]
			}
		}
	}
}
